company,linkedEntity,linkType,positionTitle,sharePercent,startTenure,endTenure
PT FLORA NUANSA HIJAU,INSPIRED MEDAL SDN BHD,SHAREHOLDING,MAJORITY SHAREHOLDER,95%,25-10-2022,25-03-2024
PT FLORA NUANSA HIJAU,OLYMPIA MEDAL SDN BHD,SHAREHOLDING,MINORITY SHAREHOLDER,5%,25-10-2022,25-03-2024
PT FLORA NUANSA HIJAU,MUHARTATI,DIRECTORSHIP,DIRECTOR,,25-10-2022,25-03-2024
PT FLORA NUANSA HIJAU,MUHAMAD SOBIRIN,DIRECTORSHIP,COMMISSIONER,,25-10-2022,25-03-2024
PT WANA INDONESIA ABADI,INSPIRED MEDAL SDN BHD,SHAREHOLDING,MAJORITY SHAREHOLDER,95%,22-02-2023,08-04-2024
PT WANA INDONESIA ABADI,OLYMPIA MEDAL SDN BHD,SHAREHOLDING,MINORITY SHAREHOLDER,5%,22-02-2023,08-04-2024
PT WANA INDONESIA ABADI,MUHARTATI,DIRECTORSHIP,DIRECTOR,,22-02-2023,08-04-2024
PT WANA INDONESIA ABADI,MUHAMAD SOBIRIN,DIRECTORSHIP,COMMISSIONER,,22-02-2023,08-04-2024
PT TUNAS WANA SEJAHTERA,INSPIRED MEDAL SDN BHD,SHAREHOLDING,MAJORITY SHAREHOLDER,95%,22-02-2023,23-01-2024
PT TUNAS WANA SEJAHTERA,OLYMPIA MEDAL SDN BHD,SHAREHOLDING,MINORITY SHAREHOLDER,5%,22-02-2023,23-01-2024
PT TUNAS WANA SEJAHTERA,MUHARTATI,DIRECTORSHIP,COMMISSIONER,,22-02-2023,23-01-2024
PT TUNAS WANA SEJAHTERA,MUHAMAD SOBIRIN,DIRECTORSHIP,DIRECTOR,,22-02-2023,23-01-2024
PT ANDALAN AGRI MITRA,MUHAMAD SOBIRIN,DIRECTORSHIP,DIRECTOR,,28-12-2023,19-01-2024
PT ANDALAN AGRI MITRA,HASUDUNGAN SIMAMORA,DIRECTORSHIP,COMMISSIONER,,28-12-2023,19-01-2024
PT ANDALAN AGRI MITRA,INSPIRED MEDAL SDN BHD,SHAREHOLDING,MAJORITY SHAREHOLDER,99%,28-12-2023,19-01-2024
PT ANDALAN AGRI MITRA,OLYMPIA MEDAL SDN BHD,SHAREHOLDING,MINORITY SHAREHOLDER,1%,28-12-2023,19-01-2024
PT MAJU HIJAU LESTARI,INSPIRED MEDAL SDN BHD,SHAREHOLDING,MAJORITY SHAREHOLDER,95%,27-03-2023,08-04-2024
PT MAJU HIJAU LESTARI,OLYMPIA MEDAL SDN BHD,SHAREHOLDING,MINORITY SHAREHOLDER,5%,27-03-2023,08-04-2024
PT MAJU HIJAU LESTARI,MUHARTATI,DIRECTORSHIP,COMMISSIONER,,27-03-2023,08-04-2024
PT MAJU HIJAU LESTARI,MUHAMAD SOBIRIN,DIRECTORSHIP,DIRECTOR,,27-03-2023,08-04-2024
INSPIRED MEDAL SDN BHD,GREAT REACH GLOBAL LTD,SHAREHOLDING,SINGLE SHAREHOLDER,100%,22-11-2022,31-01-2024
INSPIRED MEDAL SDN BHD,SIET LIN LEE,DIRECTORSHIP,DIRECTOR,,07-08-2023,31-01-2024
INSPIRED MEDAL SDN BHD,CHOW KOK CHEAN,DIRECTORSHIP,DIRECTOR,,07-08-2023,31-01-2024
INSPIRED MEDAL SDN BHD,ENOCH NG,DIRECTORSHIP,SECRETARY,,03-10-2023,31-01-2024
INSPIRED MEDAL SDN BHD,IVY LOW MAY MAY,DIRECTORSHIP,SECRETARY,,03-10-2023,31-01-2024
OLYMPIA MEDAL SDN BHD,SIET LIN LEE,DIRECTORSHIP,DIRECTOR,,07-08-2023,31-01-2024
OLYMPIA MEDAL SDN BHD,CHOW KOK CHEAN,DIRECTORSHIP,DIRECTOR,,07-08-2023,31-01-2024
OLYMPIA MEDAL SDN BHD,ENOCH NG,DIRECTORSHIP,SECRETARY,,03-10-2023,31-01-2024
OLYMPIA MEDAL SDN BHD,IVY LOW MAY MAY,DIRECTORSHIP,SECRETARY,,03-10-2023,31-01-2024
OLYMPIA MEDAL SDN BHD,GREAT REACH GLOBAL LTD,SHAREHOLDING,SINGLE SHAREHOLDER,100%,22-11-2022,31-01-2024
PT ANDALAN AGRI MITRA,PT BORNEO HIJAU LESTARI,SHAREHOLDING,MAJORITY SHAREHOLDER,99%,19-07-2021,05-09-2023
PT ANDALAN AGRI MITRA,PT BORNEO FORESTA INDUSTRI,SHAREHOLDING,MINORITY SHAREHOLDER,1%,19-07-2021,05-09-2023
PT ANDALAN AGRI MITRA,NAPALIA NIWAN PASULU,DIRECTORSHIP,DIRECTOR,,19-07-2021,28-01-2022
PT ANDALAN AGRI MITRA,BUDI SANTOSO,DIRECTORSHIP,COMMISSIONER,,19-07-2021,05-09-2023
PT ANDALAN AGRI MITRA,EGL CAPITAL SDN BHD,SHAREHOLDING,NEUTRAL SHAREHOLDER,50%,30-12-2022,05-09-2023
PT ANDALAN AGRI MITRA,YUDIANA,DIRECTORSHIP,DIRECTOR,,28-01-2022,05-09-2023
PT BORNEO HIJAU LESTARI,GREEN MEADOWS FIBER PRODUCT LTD,SHAREHOLDING,MAJORITY SHAREHOLDER,99%,09-09-2022,28-11-2024
PT BORNEO HIJAU LESTARI,HILLRISE COMMERCIAL INC,SHAREHOLDING,MINORITY SHAREHOLDER,1%,09-09-2022,28-11-2024
PT BORNEO HIJAU LESTARI,JOHANNES PERANGIN-ANGIN,DIRECTORSHIP,DIRECTOR,,09-09-2022,18-07-2023
PT BORNEO HIJAU LESTARI,TJE HWA,DIRECTORSHIP,COMMISSIONER,,09-09-2022,28-11-2024
PT BORNEO HIJAU LESTARI,ANTONIUS SILALAHI,DIRECTORSHIP,DIRECTOR,,18-07-2023,28-11-2024
PT BORNEO FORESTA INDUSTRI,BUJUNG ,SHAREHOLDING,SHAREHOLDING,50%,22-06-2020,21-04-2022
PT BORNEO FORESTA INDUSTRI,LIM MING LAI,SHAREHOLDING,SHAREHOLDING,50%,22-06-2020,21-04-2022
PT BORNEO FORESTA INDUSTRI,SOEPRIJADI,DIRECTORSHIP,DIRECTOR,,22-06-2020,21-04-2022
OLYMPIA MEDAL SDN BHD,YAP XIAN LONG,SHAREHOLDING,NEUTRAL SHAREHOLDER,50%,Unknown,22-11-2022
OLYMPIA MEDAL SDN BHD,CHEW CHONG PAN,SHAREHOLDING,NEUTRAL SHAREHOLDER,50%,Unknown,22-11-2022
INSPIRED MEDAL SDN BHD,YAP XIAN LONG,SHAREHOLDING,NEUTRAL SHAREHOLDER,50%,Unknown,22-11-2022
INSPIRED MEDAL SDN BHD,CHEW CHONG PAN,SHAREHOLDING,NEUTRAL SHAREHOLDER,50%,Unknown,22-11-2022
INSPIRED MEDAL SDN BHD,TAN KENG PING,DIRECTORSHIP,SECRETARY,,06-10-2022,03-10-2023
INSPIRED MEDAL SDN BHD,CHEONG CHOON WAH,DIRECTORSHIP,DIRECTOR,,22-12-2022,08-08-2023
INSPIRED MEDAL SDN BHD,YAP XIAN LONG,DIRECTORSHIP,DIRECTOR,,06-10-2022,08-08-2023
INSPIRED MEDAL SDN BHD,CHEW CHONG PAN,DIRECTORSHIP,DIRECTOR,,06-10-2022,23-12-2022
INSPIRED MEDAL SDN BHD,CHOONG YOKE LONG,DIRECTORSHIP,SECRETARY,,06-10-2022,03-10-2023
OLYMPIA MEDAL SDN BHD,TAN KENG PING,DIRECTORSHIP,SECRETARY,,06-10-2022,03-10-2023
OLYMPIA MEDAL SDN BHD,YAP XIAN LONG,DIRECTORSHIP,DIRECTOR,,06-10-2022,08-08-2023
OLYMPIA MEDAL SDN BHD,CHEW CHONG PAN,DIRECTORSHIP,DIRECTOR,,06-10-2022,23-12-2022
OLYMPIA MEDAL SDN BHD,CHEONG CHOON WAH,DIRECTORSHIP,DIRECTOR,,22-12-2022,08-08-2023
OLYMPIA MEDAL SDN BHD,CHOONG YOKE LONG,DIRECTORSHIP,SECRETARY,,06-10-2022,03-10-2023
CHUNG HUA UNITED CAPITAL SDN BHD,CHEW CHONG PAN,SHAREHOLDING,SHAREHOLDING,,,01-02-2023
CHUNG HUA UNITED RESOURCES SDN BHD,CHEW CHONG PAN,SHAREHOLDING,SHAREHOLDING,,,01-02-2023
BIOENERGY ENTERPRISES SDN BHD,CHEW CHONG PAN,SHAREHOLDING,SHAREHOLDING,,,
TAROKO INVESTMENT HOLDINGS LTD,CHEW CHONG PAN,SHAREHOLDING,SHAREHOLDING,,,
PT PHOENIX RESOURCES INTERNATIONAL,CHUNG HUA UNITED CAPITAL SDN BHD,SHAREHOLDING,SHAREHOLDING,,,
PT PHOENIX RESOURCES INTERNATIONAL,CHUNG HUA UNITED RESOURCES SDN BHD,SHAREHOLDING,SHAREHOLDING,,,
CHUNG HUA UNITED RESOURCES SDN BHD,PHOENIX RESOURCES HOLDINGS LTD,SHAREHOLDING,SHAREHOLDING,,,
PT ADINDO HUTANI LESTARI,BIOENERGY ENTERPRISES SDN BHD,SHAREHOLDING,SHAREHOLDING,,,
PT BALIKPAPAN CHIP LESTARI,GOODWOOD BCL SDN BHD,SHAREHOLDING,SHAREHOLDING,,,
GOODWOOD BCL SDN BHD,TAROKO INVESTMENT HOLDINGS LTD,SHAREHOLDING,SHAREHOLDING,,,
PT GLOBAL TANAMAN LESTARI,NAPALIA NIWAN PASULU,DIRECTORSHIP,DIRECTOR,,19-10-2021,28-01-2022
PT GLOBAL TANAMAN LESTARI,MUHARTATI ,DIRECTORSHIP,COMMISSIONER,,19-10-2021,06-10-2023
PT GLOBAL TANAMAN LESTARI,YUDIANA,DIRECTORSHIP,DIRECTOR,,28-01-2022,06-10-2023
PT GLOBAL TANAMAN LESTARI,PROSPER SEASON SDN BHD,SHAREHOLDING,MINORITY SHAREHOLDER,5%,19-10-2021,06-10-2023
PT GLOBAL TANAMAN LESTARI,PROSPER GROW SDN BHD,SHAREHOLDING,MAJORITY SHAREHOLDER,95%,19-10-2021,06-10-2023
PT MITRA FORESTA LESTARI,HARTONO,DIRECTORSHIP,DIRECTOR,,31-03-2022,06-09-2024
PT MITRA FORESTA LESTARI,TOGAR MAURID BUTAR-BUTAR,DIRECTORSHIP,COMMISSIONER,,31-03-2022,06-09-2024
PT MITRA FORESTA LESTARI,GOODWOOD BCL SDN BHD,SHAREHOLDING,MAJORITY SHAREHOLDER,95%,31-03-2022,06-09-2024
PT MITRA FORESTA LESTARI,GREAT MAHAKAM SDN BHD,SHAREHOLDING,MINORITY SHAREHOLDER,5%,31-03-2022,06-09-2024
PT HUTANI BUMI SEJAHTERA,GOODWOOD BCL SDN BHD,SHAREHOLDING,MAJORITY SHAREHOLDER,95%,31-03-2022,24-03-2024
PT HUTANI BUMI SEJAHTERA,GREAT MAHAKAM SDN BHD,SHAREHOLDING,MINORITY SHAREHOLDER,5%,31-03-2022,24-03-2024
PT HUTANI BUMI SEJAHTERA,HARTONO,DIRECTORSHIP,DIRECTOR,,31-03-2022,24-03-2024
PT HUTANI BUMI SEJAHTERA,TOGAR MAURID BUTAR-BUTAR,DIRECTORSHIP,COMMISSIONER,,31-03-2022,24-03-2024
PT HUTANI CIPTA BERSAMA,PROSPER GROW SDN BHD,SHAREHOLDING,MAJORITY SHAREHOLDER,95%,28-08-2024,06-09-2024
PT HUTANI CIPTA BERSAMA,PROSPER SEASON SDN BHD,SHAREHOLDING,MINORITY SHAREHOLDER,5%,28-08-2024,06-09-2024
PT HUTANI CIPTA BERSAMA,MUHARTATI ,DIRECTORSHIP,DIRECTOR,,28-08-2024,06-09-2024
PT HUTANI CIPTA BERSAMA,YUDIANA,DIRECTORSHIP,COMMISSIONER,,28-08-2024,06-09-2024
"GOODWOOD BCL, SDN BHD",TAROKO INVESTMENT HOLDINGS LTD,SHAREHOLDING,SHAREHOLDING,,2019,
"GOODWOOD BCL, SDN BHD",LEE CHING YING,DIRECTORSHIP,DIRECTOR,,,
"GOODWOOD BCL, SDN BHD",YONG YE VERN,DIRECTORSHIP,DIRECTOR,,,
"GOODWOOD BCL, SDN BHD",CHOONG YOKE LONG,DIRECTORSHIP,SECRETARY,,,
"GOODWOOD BCL, SDN BHD",TAN KENG PING,DIRECTORSHIP,SECRETARY,,,
"GOODWOOD BCL, SDN BHD",CHEW CHONG PAN,SHAREHOLDING,SHAREHOLDING,,2019,
"GOODWOOD BCL, SDN BHD",WONG TAK WEE,SHAREHOLDING,SHAREHOLDING,,2019,
"GOODWOOD BCL, SDN BHD",WONG TAK WEE,DIRECTORSHIP,DIRECTOR,,2022,
"GOODWOOD BCL, SDN BHD",CHEW CHONG PAN,DIRECTORSHIP,DIRECTOR,,2022,
"GOODWOOD BCL, SDN BHD",LAM KAH KUAN,DIRECTORSHIP,DIRECTOR,,2022,
"GOODWOOD BCL, SDN BHD",CHEAH SENG KEONG,DIRECTORSHIP,DIRECTOR,,2022,
PT TANJUNG REDEB HUTANI,BENNY PANGBIN GAYONIE,DIRECTORSHIP,DIRECTOR,,16-01-2023,28-08-2024
PT TANJUNG REDEB HUTANI,EDDY RAHARDJO HADISISWOJO,DIRECTORSHIP,DIRECTOR,,16-01-2023,28-08-2024
PT TANJUNG REDEB HUTANI,SIMON ALOYSIUS MANTIRI,DIRECTORSHIP,DIRECTOR,,16-01-2023,28-08-2024
PT TANJUNG REDEB HUTANI,SONNY ENGKO,DIRECTORSHIP,DIRECTOR,,16-01-2023,28-08-2024
PT TANJUNG REDEB HUTANI,SUGENG URIPNO,DIRECTORSHIP,DIRECTOR,,16-01-2023,28-08-2024
PT TANJUNG REDEB HUTANI,ARIS MARSUDIYANTO,DIRECTORSHIP,DIRECTOR,,16-01-2023,28-08-2024
PT TANJUNG REDEB HUTANI,MUTANTO JUWONO,DIRECTORSHIP,COMMISSIONER,,16-01-2023,28-08-2024
PT TANJUNG REDEB HUTANI,ERWIEN KURNIANA YOGASARA,DIRECTORSHIP,COMMISSIONER,,16-01-2023,28-08-2024
PT TANJUNG REDEB HUTANI,PT PANDU WIRA BUMI,SHAREHOLDING,MINORITY SHAREHOLDER,1%,16-01-2023,28-08-2024
PT TANJUNG REDEB HUTANI,PT TANJUNG REDEP HUTAN TANAMAN INDUSTRI,SHAREHOLDING,MAJORITY SHAREHOLDER,99%,16-01-2023,28-08-2024
PT TANJUNG REDEP HUTAN TANAMAN INDUSTRI,PT KIANI LESTARI,SHAREHOLDING,MAJORITY SHAREHOLDER,99%,09-06-2021,28-08-2024
PT TANJUNG REDEP HUTAN TANAMAN INDUSTRI,MOHAMAD HASAN,SHAREHOLDING,MINORITY SHAREHOLDER,1%,09-06-2021,28-08-2024
PT TANJUNG REDEP HUTAN TANAMAN INDUSTRI,ARIS MARSUDIYANTO,DIRECTORSHIP,COMMISSIONER,,09-06-2021,28-08-2024
PT TANJUNG REDEP HUTAN TANAMAN INDUSTRI,SIMON ALOYSIUS MANTIRI,DIRECTORSHIP,DIRECTOR,,09-06-2021,28-08-2024
PT KIANI LESTARI,PT BALI PASIFIC INVESTAMA,SHAREHOLDING,MAJORITY SHAREHOLDER,99%,22-05-2024,28-08-2024
PT KIANI LESTARI,PT NUSANTARA AGRO FORESTRY,SHAREHOLDING,MINORITY SHAREHOLDER,1%,22-05-2024,28-08-2024
PT KIANI LESTARI,BENNY PANGBIN GAYONIE,DIRECTORSHIP,DIRECTOR,,22-05-2024,28-08-2024
PT KIANI LESTARI,EDHY PRABOWO,DIRECTORSHIP,DIRECTOR,,22-05-2024,28-08-2024
PT KIANI LESTARI,HENDRIK LEWERISSA,DIRECTORSHIP,COMMISSIONER,,22-05-2024,28-08-2024
PT KIANI LESTARI,SIMON ALOYSIUS MANTIRI,DIRECTORSHIP,COMMISSIONER,,22-05-2024,28-08-2024
PT KIANI LESTARI,SUWITNO ADI,DIRECTORSHIP,COMMISSIONER,,22-05-2024,28-08-2024
PT KIANI LESTARI,WICAKSONO AJI,DIRECTORSHIP,DIRECTOR,,22-05-2024,28-08-2024
PT KIANI LESTARI,YOELOUIS DWIYANTO HERMANUS,DIRECTORSHIP,DIRECTOR,,22-05-2024,28-08-2024
PT PANDU WIRA BUMI,RAHADIAN GIRINDRA WARDHANA,DIRECTORSHIP,COMMISSIONER,,27-10-2022,28-08-2024
PT PANDU WIRA BUMI,ARIS MARSUDIYANTO,DIRECTORSHIP,DIRECTOR,99%,27-10-2022,28-08-2024
PT PANDU WIRA BUMI,SIMON ALOYSIUS MANTIRI,DIRECTORSHIP,DIRECTOR,1%,27-10-2022,28-08-2024
PT BALI PASIFIC INVESTAMA,SUGIONO,DIRECTORSHIP,COMMISSIONER,,14-02-2008,22-03-2019
PT BALI PASIFIC INVESTAMA,HENDRIK LEWERISSA,DIRECTORSHIP,COMMISSIONER,,14-02-2008,22-03-2019
PT BALI PASIFIC INVESTAMA,EDHY PRABOWO,DIRECTORSHIP,DIRECTOR,99%,14-02-2008,22-03-2019
PT BALI PASIFIC INVESTAMA,SOEPRIYATNO,DIRECTORSHIP,DIRECTOR,,14-02-2008,22-03-2019
PT BALI PASIFIC INVESTAMA,WIDJONO HARDJANTO,DIRECTORSHIP,COMMISSIONER,1%,14-02-2008,22-03-2019
PT BALI PASIFIC INVESTAMA,AULIA BONANZA,DIRECTORSHIP,DIRECTOR,,14-02-2008,22-03-2019
PT NUSANTARA AGRO FORESTRY,EDHY PRABOWO,DIRECTORSHIP,COMMISSIONER,99%,19-01-2007,22-03-2019
PT NUSANTARA AGRO FORESTRY,KRISNHA DWI SOEDARMO,DIRECTORSHIP,DIRECTOR,,19-01-2007,22-03-2019
PT NUSANTARA AGRO FORESTRY,WICAKSONO AJI,DIRECTORSHIP,DIRECTOR,,19-01-2007,22-03-2019
PT NUSANTARA AGRO FORESTRY,AGUNG GUMILAR SAPUTRA,DIRECTORSHIP,DIRECTOR,,19-01-2007,22-03-2019
PT NUSANTARA AGRO FORESTRY,WIDJONO HARDJANTO,DIRECTORSHIP,COMMISSIONER,1%,19-01-2007,22-03-2019
PT NUSANTARA AGRO FORESTRY,SUGIONO,DIRECTORSHIP,DIRECTOR,,19-01-2007,22-03-2019
PT OCEANIAS TIMBER PRODUCTS,KATHARINA SERAPHINA,DIRECTORSHIP,COMMISSIONER,,13-03-2024,13-11-2024
PT OCEANIAS TIMBER PRODUCTS,EDWARD SAPUTERA,DIRECTORSHIP,DIRECTOR,,13-03-2024,13-11-2024
PT OCEANIAS TIMBER PRODUCTS,TEDDY SALIM,DIRECTORSHIP,DIRECTOR,50%,13-03-2024,13-11-2024
PT OCEANIAS TIMBER PRODUCTS,SUDARMO SALIM,SHAREHOLDING,SHAREHOLDING,,13-03-2024,13-11-2024
PT OCEANIAS TIMBER PRODUCTS,WINNY SALIM,SHAREHOLDING,SHAREHOLDING,,13-03-2024,13-11-2024
PT OCEANIAS TIMBER PRODUCTS,JANTI TUTTY SUJARTI,SHAREHOLDING,SHAREHOLDING,,13-03-2024,13-11-2024
PT OCEANIAS TIMBER PRODUCTS,KUSTINAH,SHAREHOLDING,SHAREHOLDING,,13-03-2024,13-11-2024
PT OCEANIAS TIMBER PRODUCTS,JOHANNES LEMBONG,SHAREHOLDING,SHAREHOLDING,,13-03-2024,13-11-2024
PT OCEANIAS TIMBER PRODUCTS,AYLEN SALIM,SHAREHOLDING,SHAREHOLDING,,13-03-2024,13-11-2024
PT OCEANIAS TIMBER PRODUCTS,NATHANIA SALIM,DIRECTORSHIP,COMMISSIONER,,13-03-2024,13-11-2024
PT OCEANIAS TIMBER PRODUCTS,PT HUTAN TIARA LESTARI,SHAREHOLDING,NEUTRAL SHAREHOLDER,47%,13-03-2024,13-11-2024
PT OCEANIAS TIMBER PRODUCTS,PT KENDEKA JAYA,SHAREHOLDING,SHAREHOLDING,,13-03-2024,13-11-2024
PT HUTAN BERAU LESTARI,HERI SANTOSO,DIRECTORSHIP,DIRECTOR,12%,23-05-2023,28-08-2024
PT HUTAN BERAU LESTARI,HERRY WIJAYA,DIRECTORSHIP,DIRECTOR,,23-05-2023,28-08-2024
PT HUTAN BERAU LESTARI,HARI SUMITRO,DIRECTORSHIP,DIRECTOR,,23-05-2023,28-08-2024
PT HUTAN BERAU LESTARI,EDIE HERJADI,DIRECTORSHIP,COMMISSIONER,,23-05-2023,28-08-2024
PT HUTAN BERAU LESTARI,YULIUS OETOMO,DIRECTORSHIP,COMMISSIONER,12%,23-05-2023,28-08-2024
PT HUTAN BERAU LESTARI,PT SATYA MULTI PRAKARSA,SHAREHOLDING,NEUTRAL SHAREHOLDER,38%,23-05-2023,28-08-2024
PT HUTAN BERAU LESTARI,PT TRITUNGGAL EKA PERKASA,SHAREHOLDING,NEUTRAL SHAREHOLDER,38%,23-05-2023,28-08-2024
PT BELANTARA PUSAKA,PT WANA TIRTA LESTARI,SHAREHOLDING,MAJORITY SHAREHOLDER,99%,31-05-2023,28-08-2024
PT BELANTARA PUSAKA,PT SATYA MULTI PRAKARSA,SHAREHOLDING,MINORITY SHAREHOLDER,1%,31-05-2023,28-08-2024
PT BELANTARA PUSAKA,RUSNI KARTINA,DIRECTORSHIP,DIRECTOR,,31-05-2023,28-08-2024
PT BELANTARA PUSAKA,ZAFRL ANSGAR HAMZAH,DIRECTORSHIP,COMMISSIONER,,31-05-2023,28-08-2024
PT BELANTARA PUSAKA,EDDY SANUSI,DIRECTORSHIP,DIRECTOR,,31-05-2023,28-08-2024
PT BELANTARA PUSAKA,IENEKE SANTOSO,DIRECTORSHIP,COMMISSIONER,,31-05-2023,28-08-2024
PT WANA TIRTA LESTARI,FRANS JULI SANTOSO,DIRECTORSHIP,DIRECTOR,,11-04-2023,30-08-2024
PT WANA TIRTA LESTARI,ZAFRL ANSGAR HAMZAH,DIRECTORSHIP,COMMISSIONER,,11-04-2023,30-08-2024
PT WANA TIRTA LESTARI,PT ITHACA INVESTMENTS,SHAREHOLDING,MINORITY SHAREHOLDER,10%,11-04-2023,30-08-2024
PT WANA TIRTA LESTARI,PT ITHACA PLANTATIONS,SHAREHOLDING,MAJORITY SHAREHOLDER,90%,11-04-2023,30-08-2024
PT TRITUNGGAL EKA PERKASA,HINDARTO BUDIONO,DIRECTORSHIP,COMMISSIONER,99%,24-02-2020,30-08-2024
PT TRITUNGGAL EKA PERKASA,HARRIS THEN,DIRECTORSHIP,DIRECTOR,1%,24-02-2020,30-08-2024
PT ITHACA PLANTATIONS,IENEKE SANTOSO,DIRECTORSHIP,COMMISSIONER,,04-06-2021,30-08-2024
PT ITHACA PLANTATIONS,FRANS JULI SANTOSO,DIRECTORSHIP,DIRECTOR,,04-06-2021,30-08-2024
PT ITHACA PLANTATIONS,ZAFRL ANSGAR HAMZAH,DIRECTORSHIP,DIRECTOR,,04-06-2021,30-08-2024
PT ITHACA PLANTATIONS,AGOES PROJOSASMITO,DIRECTORSHIP,COMMISSIONER,,04-06-2021,30-08-2024
PT ITHACA PLANTATIONS,PT CAHAYA BUMI MAKMUR,SHAREHOLDING,MAJORITY SHAREHOLDER,85%,04-06-2021,30-08-2024
PT ITHACA PLANTATIONS,PT MAXIMA PRATAMA SEJAHTERA,SHAREHOLDING,MINORITY SHAREHOLDER,15%,04-06-2021,30-08-2024
PT ITHACA INVESTMENTS,FRANS JULI SANTOSO,DIRECTORSHIP,DIRECTOR,,30-12-2021,30-08-2024
PT ITHACA INVESTMENTS,ZAFRL ANSGAR HAMZAH,DIRECTORSHIP,DIRECTOR,,30-12-2021,30-08-2024
PT ITHACA INVESTMENTS,AGOES PROJOSASMITO,DIRECTORSHIP,COMMISSIONER,,30-12-2021,30-08-2024
PT ITHACA INVESTMENTS,IENEKE SANTOSO,DIRECTORSHIP,COMMISSIONER,,30-12-2021,30-08-2024
PT ITHACA INVESTMENTS,PT CAHAYA BUMI MAKMUR,SHAREHOLDING,MAJORITY SHAREHOLDER,85%,30-12-2021,30-08-2024
PT ITHACA INVESTMENTS,PT MAXIMA PRATAMA SEJAHTERA,SHAREHOLDING,MINORITY SHAREHOLDER,15%,30-12-2021,30-08-2024
PT BELANTARA PERSADA,HABEL DODYD DEVRY,DIRECTORSHIP,COMMISSIONER,,03-09-2020,06-09-2024
PT BELANTARA PERSADA,IGNATIUS TRIAJI CAHYADI,DIRECTORSHIP,DIRECTOR,,03-09-2020,06-09-2024
PT BELANTARA PERSADA,PT ASRIPERSADA ANUGERAH MULIA,SHAREHOLDING,MAJORITY SHAREHOLDER,99%,03-09-2020,06-09-2024
PT BELANTARA PERSADA,PT KEMAKMURAN BERSAMA SEJATI,SHAREHOLDING,MINORITY SHAREHOLDER,1%,03-09-2020,06-09-2024
PT SWADAYA PERKASA,IENEKE SANTOSO,DIRECTORSHIP,COMMISSIONER,,15-08-2023,06-09-2024
PT SWADAYA PERKASA,EDDY SANUSI,DIRECTORSHIP,DIRECTOR,,15-08-2023,06-09-2024
PT SWADAYA PERKASA,PT KEMAKMURAN BERSAMA SEJATI,SHAREHOLDING,MAJORITY SHAREHOLDER,99%,15-08-2023,06-09-2024
PT SWADAYA PERKASA,PT SATYA MULTI PRAKARSA,SHAREHOLDING,MINORITY SHAREHOLDER,1%,15-08-2023,06-09-2024
PT INDOSUBUR SUKSES MAKMUR,EDDY SANUSI,DIRECTORSHIP,DIRECTOR,,24-05-2023,06-09-2024
PT INDOSUBUR SUKSES MAKMUR,HERRY WIJAYA,DIRECTORSHIP,COMMISSIONER,15%,24-05-2023,06-09-2024
PT INDOSUBUR SUKSES MAKMUR,PIETER TANURI,DIRECTORSHIP,COMMISSIONER,,24-05-2023,06-09-2024
PT INDOSUBUR SUKSES MAKMUR,RUSNI KARTINA,DIRECTORSHIP,DIRECTOR,,24-05-2023,06-09-2024
PT INDOSUBUR SUKSES MAKMUR,PT KILAU SUKSES PERMATA,SHAREHOLDING,MAJORITY SHAREHOLDER,85%,24-05-2023,06-09-2024
PT SUMALINDO ALAM LESTARI,BENNY TJOENG,DIRECTORSHIP,DIRECTOR,,02-10-2023,13-11-2024
PT SUMALINDO ALAM LESTARI,SUTARDI,DIRECTORSHIP,DIRECTOR,,02-10-2023,13-11-2024
PT SUMALINDO ALAM LESTARI,PHILLIPUS DARMA PHIONG,DIRECTORSHIP,DIRECTOR,,02-10-2023,13-11-2024
PT SUMALINDO ALAM LESTARI,TAN AGUSTINUS,DIRECTORSHIP,DIRECTOR,,02-10-2023,13-11-2024
PT SUMALINDO ALAM LESTARI,SOENARDI WINARTO,DIRECTORSHIP,DIRECTOR,,02-10-2023,13-11-2024
PT SUMALINDO ALAM LESTARI,AXTON SALIM,DIRECTORSHIP,COMMISSIONER,,02-10-2023,13-11-2024
PT SUMALINDO ALAM LESTARI,MOLEONOTO,DIRECTORSHIP,COMMISSIONER,,02-10-2023,13-11-2024
PT SUMALINDO ALAM LESTARI,PT MENTARI PERTIWI,SHAREHOLDING,MAJORITY SHAREHOLDER,70%,02-10-2023,13-11-2024
PT SUMALINDO ALAM LESTARI,PT SALIM IVOMAS PRATAMA,SHAREHOLDING,MINORITY SHAREHOLDER,15%,02-10-2023,13-11-2024
PT SUMALINDO ALAM LESTARI,PT PERUSAHAAN PERKEBUNAN LONDON SUMATRA INDONESIA,SHAREHOLDING,MINORITY SHAREHOLDER,15%,02-10-2023,13-11-2024
PT WANA KALTIM LESTARI,BENNY TJOENG,DIRECTORSHIP,DIRECTOR,,02-10-2023,28-08-2024
PT WANA KALTIM LESTARI,SUTARDI,DIRECTORSHIP,DIRECTOR,,02-10-2023,28-08-2024
PT WANA KALTIM LESTARI,PHILLIPUS DARMA PHIONG,DIRECTORSHIP,DIRECTOR,,02-10-2023,28-08-2024
PT WANA KALTIM LESTARI,TAN AGUSTINUS,DIRECTORSHIP,DIRECTOR,,02-10-2023,28-08-2024
PT WANA KALTIM LESTARI,SOENARDI WINARTO,DIRECTORSHIP,DIRECTOR,,02-10-2023,28-08-2024
PT WANA KALTIM LESTARI,AXTON SALIM,DIRECTORSHIP,COMMISSIONER,,02-10-2023,28-08-2024
PT WANA KALTIM LESTARI,MOLEONOTO,DIRECTORSHIP,COMMISSIONER,,02-10-2023,28-08-2024
PT WANA KALTIM LESTARI,PT MENTARI PERTIWI,SHAREHOLDING,SHAREHOLDING,,02-10-2023,28-08-2024
PT WANA KALTIM LESTARI,PT SUMALINDO ALAM LESTARI,SHAREHOLDING,SHAREHOLDING,,02-10-2023,28-08-2024
PT SEGARA INDOCHEM,RAHARDJO BENYAMIN,DIRECTORSHIP,COMMISSIONER,,07-08-2024,13-11-2024
PT SEGARA INDOCHEM,DJOHAN TOBING,DIRECTORSHIP,COMMISSIONER,40%,07-08-2024,13-11-2024
PT SEGARA INDOCHEM,MAYA ZULFANI,DIRECTORSHIP,DIRECTOR,,07-08-2024,13-11-2024
PT SEGARA INDOCHEM,MUHAMMAD SALEH SELAMAT,DIRECTORSHIP,DIRECTOR,,07-08-2024,13-11-2024
PT SEGARA INDOCHEM,SIK ROMMY WONGSO,SHAREHOLDING,SHAREHOLDING,13%,07-08-2024,13-11-2024
PT SEGARA INDOCHEM,SIK RUDY WONGSO,SHAREHOLDING,SHAREHOLDING,13%,07-08-2024,13-11-2024
PT SEGARA INDOCHEM,SIK RONNY WONGSO,DIRECTORSHIP,COMMISSIONER,14%,07-08-2024,13-11-2024
PT SEGARA INDOCHEM,JONO ISTIYONO,DIRECTORSHIP,DIRECTOR,,07-08-2024,13-11-2024
PT SEGARA INDOCHEM,HERTA PAR,SHAREHOLDING,SHAREHOLDING,,07-08-2024,13-11-2024
PT SEGARA INDOCHEM,PT INHUTANI,SHAREHOLDING,SHAREHOLDING,20%,07-08-2024,13-11-2024
PT SEROJA UNIVERSUM NARWASTU,AHMAD SYAIFUL,SHAREHOLDING,MAJORITY SHAREHOLDER,70%,14-03-2024,28-08-2024
PT SEROJA UNIVERSUM NARWASTU,SANTIANA,SHAREHOLDING,MINORITY SHAREHOLDER,30%,14-03-2024,28-08-2024
PT SEROJA UNIVERSUM NARWASTU,RIZALDI,DIRECTORSHIP,DIRECTOR,,14-03-2024,28-08-2024
PT SEROJA UNIVERSUM NARWASTU,RUSTAM EVENDI,DIRECTORSHIP,COMMISSIONER,,14-03-2024,28-08-2024
PT SYLVADUTA,PT MULTISTRADA AGRO INTERNASIONAL,SHAREHOLDING,MAJORITY SHAREHOLDER,99%,24-07-2023,29-11-2024
PT SYLVADUTA,PETRUS GUNARSO,DIRECTORSHIP,COMMISSIONER,,24-07-2023,29-11-2024
PT SYLVADUTA,KARTIKA ANTONO,DIRECTORSHIP,DIRECTOR,,24-07-2023,29-11-2024
PT SYLVADUTA,SUKARMAN,DIRECTORSHIP,COMMISSIONER,,24-07-2023,29-11-2024
PT SYLVADUTA,PIETER TANURI,DIRECTORSHIP,MINORITY SHAREHOLDER,1%,24-07-2023,29-11-2024
PT SYLVADUTA,UTHAN MOKHAMAD,DIRECTORSHIP,COMMISSIONER,,24-07-2023,29-11-2024
PT SYLVADUTA,YOHANES BUNIAN,DIRECTORSHIP,DIRECTOR,,24-07-2023,29-11-2024
PT MULTISTRADA AGRO INTERNASIONAL,PT COLTAN PLANTATIONS,SHAREHOLDING,MINORITY SHAREHOLDER,34%,12-10-2023,29-11-2024
PT MULTISTRADA AGRO INTERNASIONAL,PT PERTIWI RAYA PERKASA MAKMUR,SHAREHOLDING,MAJORITY SHAREHOLDER,64%,12-10-2023,29-11-2024
PT MULTISTRADA AGRO INTERNASIONAL,KARTIKA ANTONO,DIRECTORSHIP,DIRECTOR,,12-10-2023,29-11-2024
PT MULTISTRADA AGRO INTERNASIONAL,SUKARMAN,DIRECTORSHIP,COMMISSIONER,,12-10-2023,29-11-2024
PT MULTISTRADA AGRO INTERNASIONAL,PIETER TANURI,DIRECTORSHIP,DIRECTOR,2%,12-10-2023,29-11-2024
PT MULTISTRADA AGRO INTERNASIONAL,YOHANES BUNIAN,DIRECTORSHIP,COMMISSIONER,,12-10-2023,29-11-2024